CREATE TABLE BRANCH 
(BRANCH_NAME VARCHAR (15) PRIMARY KEY, 
BRANCH_CITY VARCHAR (20), 
ASSETS NUMBER (10));

CREATE TABLE ACCOUNT 
(ACCOUNT_NUMBER NUMBER (10) PRIMARY KEY, 
BRANCH_NAME VARCHAR (15) REFERENCES BRANCH, 
BALANCE NUMBER (8));

CREATE TABLE CUSTOMER 
(CUSTOMER_NAME VARCHAR (20) PRIMARY KEY, 
CUSTOMER_STREET VARCHAR (15), 
CUSTOMER_CITY VARCHAR (10));

CREATE TABLE LOAN 
(LOAN_NUMBER NUMBER (10) PRIMARY KEY, 
BRANCH_NAME VARCHAR (15) REFERENCES BRANCH, 
AMOUNT NUMBER (10));

CREATE TABLE DEPOSITOR 
(CUSTOMER_NAME VARCHAR (2) REFERENCES CUSTOMER, 
ACCOUNT_NUMBER NUMBER (10) REFERENCES ACCOUNT, 
PRIMARY KEY (CUSTOMER_NAME, ACCOUNT_NUMBER));

CREATE TABLE BORROWER 
(CUSTOMER_NAME VARCHAR (2) REFERENCES CUSTOMER, 
LOAN_NUMBER NUMBER(10) REFERENCES LOAN, 
PRIMARY KEY (CUSTOMER_NAME,LOAN_NUMBER));

insert into BRANCH values ('SBI','MANGALORE',37000);
insert into BRANCH values ('CANARA BANK','MANIPAL',42000);
insert into BRANCH values ('HDFC BANK','MUMBAI',97000);
insert into BRANCH values ('ICICI BANK','DELHI',64000);
insert into BRANCH values ('AXIS BANK','BANGALORE',25000);

insert into ACCOUNT values (230905252,'HDFC BANK',73420000);
insert into ACCOUNT values (220906104,'ICICI BANK',2300600);
insert into ACCOUNT values (230911168,'CANARA BANK',9420000);
insert into ACCOUNT values (200933024,'SBI',37000000);
insert into ACCOUNT values (210964008,'AXIS BANK',10057000);

insert into CUSTOMER values ('DHRUV','AKURLI ROAD','MUMBAI');
insert into CUSTOMER values ('AVNISH','SHAKTI NAGAR','DELHI');
insert into CUSTOMER values ('VIVANN','MG ROAD','BANGALORE');
insert into CUSTOMER values ('ANUSHKA','JIJAMATA RD','MUMBAI');
insert into CUSTOMER values ('SHRAVANI','MV ROAD','MANIPAL');

insert into LOAN values (20683,'ICICI BANK',7500000);
insert into LOAN values (12056,'HDFC BANK',250000);
insert into LOAN values (35901,'CANARA BANK',150);
insert into LOAN values (60982,'SBI',72000);
insert into LOAN values (42397,'AXIS BANK',925000);

modify table DEPOSITOR modify (CUSTOMER_VALUE VARCHAR(20));

insert into DEPOSITOR values ('DHRUV',230905252);
insert into DEPOSITOR values ('ANUSHKA',210964008);
insert into DEPOSITOR values ('SHRAVANI',230911168);
insert into DEPOSITOR values ('AVNISH',200933024);
insert into DEPOSITOR values ('VIVANN',220906104);

modify table BORROWER modify (CUSTOMER_VALUE VARCHAR(20));

insert into BORROWER values ('AVNISH',60982);
insert into BORROWER values ('DHRUV',12056);
insert into BORROWER values ('ANUSHKA',42397);
insert into BORROWER values ('VIVANN',20683);
insert into BORROWER values ('SHRAVANI',35901);

select * from BRANCH;
select * from ACCOUNT;
select * from CUSTOMER;
select * from LOAN;
select * from DEPOSITOR;
select * from BORROWER;